KLs	+P5	-P5	+m3	-m3	+M3	-M3	diffusion	piece	composer	year
0.1534412303041054	0.3306576507381094	0.5827389070533425	0.02422078649883964	0.0	0.06238265570971256	0.0	0.8237193146994418	..\ExtendedTonality\data\DataFrames\Un_Morceau_Opus_15_No._1__in_A_Minor_Aime-moi.mxl.csv	Alkan	1837.0
0.15764695118732153	0.6981545744537718	0.288001564087674	0.0	0.0	8.974483482748763e-17	0.013843861458554063	0.7926123134624261	..\ExtendedTonality\data\DataFrames\Un_Morceau_Opus_15_No._2_in_B_Minor_Le_Vent.mxl.csv	Alkan	1837.0
0.3931720786265214	0.31309602593112223	0.17235403640482944	3.859759734048396e-17	0.2259554824909492	1.0842021724855044e-19	0.2885944551730991	0.8293964559251386	..\ExtendedTonality\data\DataFrames\Un_Morceau_Opus_15_No._3_in_E_Minor_Morte.mxl.csv	Alkan	1837.0
0.13776005631652588	0.502346900375377	0.4976530996219426	2.5146516542239733e-12	0.0	4.6030995855261825e-14	1.425392464650399e-13	0.8537270454708156	..\ExtendedTonality\data\DataFrames\Etude_de_Bravoure_Opus_16_No._3_in_B_Minor.mxl.csv	Alkan	1837.0
